id,title,description,required_skills,preferred_skills,category,location,state,organization,education_requirement
1,Software Developer Intern,"Develop web applications using Java and Spring Boot","['Java', 'Spring Boot', 'SQL']","['Git', 'Docker']",IT,Bhubaneswar,Odisha,Tech Solutions Ltd.,B.Tech
2,Data Science Intern,"Work on machine learning projects","['Python', 'Machine Learning']","['TensorFlow', 'SQL']",IT,Remote,,Data Insights Inc.,B.Tech
3,Marketing Intern,"Create digital marketing campaigns","['Communication', 'Social Media']","['SEO', 'Content Writing']",Marketing,Cuttack,Odisha,Creative Minds Agency,B.A
4,Frontend Developer Intern,"Assist in building UI with React and CSS","['HTML', 'CSS', 'React']","['Figma', 'JavaScript']",IT,Bangalore,Karnataka,CodeCraft Pvt. Ltd.,B.Tech
5,Research Assistant,"Support research in biotechnology","['Biology', 'Lab Techniques']","['Data Analysis']","Research",Chennai,Tamil Nadu,BioTech Labs,B.Sc
6,Finance Intern,"Assist in financial analysis and reporting","['Excel', 'Accounting']","['Power BI', 'SQL']",Finance,Mumbai,Maharashtra,FinServe Ltd.,MBA
7,Content Writer Intern,"Write blogs and social media posts","['Writing', 'Creativity']","['SEO', 'Editing']",Marketing,Delhi,Delhi,WordWorks,B.A
8,Full-Stack Developer Intern,"Support backend and frontend tasks","['Node.js', 'React', 'MongoDB']","['AWS', 'Docker']",IT,Pune,Maharashtra,Innovatech,B.Tech
9,HR Intern,"Assist in recruitment and training","['Communication', 'Recruitment']","['Excel', 'Public Speaking']",HR,Kolkata,West Bengal,PeopleFirst,B.A
10,Embedded Systems Intern,"Work on IoT devices and C programming","['C', 'Microcontrollers']","['Arduino', 'Raspberry Pi']",Electronics,Hyderabad,Telangana,CircuitWave,B.Tech
11,UI/UX Designer Intern,"Design user-friendly web interfaces","['UI Design', 'Wireframing']","['Adobe XD', 'Figma']",Design,Bangalore,Karnataka,DesignNest,B.Des
12,Cybersecurity Intern,"Monitor and test system vulnerabilities","['Networking', 'Linux']","['Python', 'Penetration Testing']",IT,Delhi,Delhi,CyberSafe,B.Tech
13,Operations Intern,"Assist operations team in logistics","['Excel', 'Communication']","['Project Management']",Management,Chennai,Tamil Nadu,LogiCorp,MBA
14,Graphic Designer Intern,"Design visuals for marketing campaigns","['Photoshop', 'Illustrator']","['Canva', 'Creativity']",Design,Mumbai,Maharashtra,Pixel Studios,B.A
15,AI Intern,"Support AI model training and evaluation","['Python', 'TensorFlow']","['PyTorch', 'NLP']",IT,Bhubaneswar,Odisha,NextGen AI,B.Tech
16,Journalism Intern,"Assist in research and reporting","['Writing', 'Interviewing']","['Photography']",Media,Kolkata,West Bengal,DailyNews,B.A
17,Mechanical Engineering Intern,"Work on CAD designs and simulations","['AutoCAD', 'SolidWorks']","['Matlab']",Engineering,Pune,Maharashtra,MechaWorks,B.Tech
18,Teaching Assistant,"Support professors in coursework","['Subject Knowledge', 'Communication']","['Mentoring']",Education,Delhi,Delhi,Global Academy,B.Sc
19,Cloud Intern,"Deploy applications on AWS cloud","['AWS', 'Linux']","['Docker', 'Kubernetes']",IT,Bangalore,Karnataka,CloudHub,B.Tech
20,Legal Intern,"Assist in drafting and legal research","['Law', 'Research']","['Communication']",Legal,Chennai,Tamil Nadu,Lex & Co.,LLB

21,Backend Developer Intern,"Build and maintain server-side logic using Python and Django","['Python', 'Django', 'REST APIs']","['PostgreSQL', 'Git']",IT,Hyderabad,Telangana,Backend Brigade,B.Tech
22,Digital Marketing Intern,"Manage and optimize Google Ads and social media campaigns","['Google Analytics', 'Social Media Marketing']","['Content Creation', 'Data Analysis']",Marketing,Mumbai,Maharashtra,AdBuzz Media,BBA
23,DevOps Intern,"Implement CI/CD pipelines and assist in infrastructure automation","['Linux', 'Git', 'Scripting']","['Jenkins', 'AWS']",IT,Bangalore,Karnataka,FlowState DevOps,B.Tech
24,Biomedical Research Intern,"Conduct experiments and analyze data for medical device testing","['Biology', 'Data Recording']","['Statistics', 'Lab Safety']",Research,Chennai,Tamil Nadu,MediTech Innovations,B.Sc
25,Investment Analyst Intern,"Research market trends and assist in building financial models","['Excel', 'Financial Modeling']","['Bloomberg Terminal', 'VBA']",Finance,Delhi,Delhi,CapitalGrow Ltd.,B.Com
26,Video Editor Intern,"Edit and produce video content for social media and YouTube","['Video Editing', 'Adobe Premiere Pro']","['After Effects', 'Storytelling']",Media,Bhubaneswar,Odisha,Visual Stories,B.A
27,Android Developer Intern,"Develop and test new features for Android mobile applications","['Kotlin', 'Android SDK']","['Java', 'REST APIs']",IT,Pune,Maharashtra,AppVenture,B.Tech
28,Public Relations Intern,"Draft press releases and assist with media outreach","['Writing', 'Communication']","['Social Media', 'Event Planning']",Marketing,Kolkata,West Bengal,ConnectPR,B.A
29,Supply Chain Intern,"Analyze logistics data and help optimize inventory management","['Excel', 'Analytical Skills']","['SQL', 'ERP Software']",Management,Chennai,Tamil Nadu,SupplyChain Pro,MBA
30,Game Development Intern,"Assist in developing game mechanics and levels using Unity","['C#', 'Unity']","['Game Design', '3D Modeling']",IT,Remote,,NextGen Games,B.Tech
31,Environmental Science Intern,"Conduct field research and analyze environmental samples","['Environmental Science', 'Data Collection']","['GIS', 'Report Writing']",Research,Dehradun,Uttarakhand,GreenEarth Consultants,B.Sc
32,Product Management Intern,"Conduct user research and help define product requirements","['Analytical Thinking', 'Communication']","['SQL', 'Figma']",Management,Bangalore,Karnataka,ProductLabs,B.Tech
33,Technical Writer Intern,"Create user manuals, API documentation, and tutorials","['Technical Writing', 'Clarity']","['Markdown', 'Basic Programming']",IT,Hyderabad,Telangana,DocuTech Inc.,B.Tech
34,Social Media Intern,"Create and schedule engaging content across social platforms","['Content Creation', 'Social Media Platforms']","['Analytics', 'Adobe Creative Suite']",Marketing,Mumbai,Maharashtra,BrandBuzz,B.A
35,Network Engineering Intern,"Assist in maintaining and troubleshooting network infrastructure","['Networking Fundamentals', 'TCP/IP']","['Cisco CLI', 'Wireshark']",IT,Noida,Uttar Pradesh,NetSolutions India,B.Tech
36,Market Research Intern,"Conduct surveys and analyze consumer data to identify trends","['Data Analysis', 'Excel']","['SPSS', 'Survey Tools']",Marketing,Delhi,Delhi,Insight Partners,BBA
37,iOS Developer Intern,"Help develop and test features for iOS applications","['Swift', 'Xcode']","['UIKit', 'REST APIs']",IT,Chennai,Tamil Nadu,iVision Mobile,B.Tech
38,Architecture Intern,"Assist in creating architectural drawings and 3D models","['AutoCAD', '3D Modeling']","['SketchUp', 'Revit']",Design,Ahmedabad,Gujarat,Design Collective,B.Arch
39,Finance & Analytics Intern,"Build dashboards to visualize financial performance metrics","['Excel', 'Data Visualization']","['Power BI', 'SQL']",Finance,Gurgaon,Haryana,Numero Analytics,B.Com
40,Agri-Tech Intern,"Work on IoT-based solutions for precision agriculture","['IoT', 'Python']","['Arduino', 'Data Analysis']",Technology,Nagpur,Maharashtra,AgriGrow Tech,B.Tech
41,Content Marketing Intern,"Develop SEO-friendly blog posts and website content","['Content Writing', 'SEO']","['WordPress', 'Keyword Research']",Marketing,Jaipur,Rajasthan,Content Kings,B.A
42,QA/Testing Intern,"Perform manual and automated testing on web applications","['Testing Methodologies', 'Attention to Detail']","['Selenium', 'Java']",IT,Pune,Maharashtra,QualityQuest,B.Tech
43,Photography Intern,"Capture and edit photos for events and marketing materials","['Photography', 'Photo Editing']","['Lightroom', 'Creativity']",Media,Goa,,Sunset Studios,B.A
44,Business Development Intern,"Identify new sales leads and potential business opportunities","['Communication', 'Research']","['CRM Software', 'Presentation Skills']",Sales,Bangalore,Karnataka,SalesForce Partners,BBA
45,Blockchain Developer Intern,"Contribute to the development of smart contracts and DApps","['Solidity', 'Blockchain Basics']","['JavaScript', 'Truffle']",IT,Hyderabad,Telangana,ChainReact Labs,B.Tech
46,Event Management Intern,"Assist in planning and executing corporate and client events","['Organization', 'Communication']","['Vendor Management', 'Negotiation']",Management,Mumbai,Maharashtra,Elite Events,B.A
47,Material Science Intern,"Test and analyze properties of new materials in a lab setting","['Material Science', 'Lab Techniques']","['Data Analysis', 'Report Writing']",Research,Kanpur,Uttar Pradesh,InnoMaterials,B.Tech
48,Customer Support Intern,"Handle customer queries and provide product support via chat/email","['Communication', 'Problem Solving']","['Zendesk', 'Patience']",Support,Remote,,SupportHero Inc.,Any Graduate
49,Data Analyst Intern,"Clean, process, and visualize data to extract insights","['Excel', 'SQL']","['Python', 'Tableau']",IT,Chennai,Tamil Nadu,DataCrunchers Pvt. Ltd.,B.Tech
50,Human Resources Analytics Intern,"Analyze HR data related to recruitment and employee engagement","['Excel', 'Analytical Skills']","['HRIS', 'Power BI']",HR,Delhi,Delhi,TalentMetrics,MBA
51,UX Research Intern,"Conduct user interviews and usability tests to gather feedback","['User Research', 'Empathy']","['Survey Design', 'Figma']",Design,Bangalore,Karnataka,UserFirst Design,B.Des
52,Cybersecurity Analyst Intern,"Monitor security alerts and assist in incident response","['Cybersecurity Fundamentals', 'Analytical Thinking']","['SIEM Tools', 'Linux']",IT,Noida,Uttar Pradesh,SecureNet Systems,B.Tech
53,E-commerce Intern,"Manage product listings and optimize the online store for sales","['E-commerce Platforms', 'Attention to Detail']","['Digital Marketing', 'Analytics']",Marketing,Surat,Gujarat,ShopEasy Ventures,BBA
54,Robotics Intern,"Assist in building and programming robotic prototypes","['Python', 'Robotics Fundamentals']","['ROS', 'C++']",Engineering,Coimbatore,Tamil Nadu,RoboMakers,B.Tech
55,Journalism (Digital) Intern,"Write breaking news articles and manage the digital news desk","['Writing', 'Speed']","['Social Media', 'SEO']",Media,New Delhi,Delhi,QuickNews Digital,B.A
56,Finance Technology (FinTech) Intern,"Work on developing features for a financial technology product","['Python', 'Problem Solving']","['Java', 'Financial Knowledge']",Finance,Mumbai,Maharashtra,FinTech Innovators,B.Tech
57,Public Policy Intern,"Research policy issues and assist in drafting briefs and reports","['Research', 'Writing']","['Legal Knowledge', 'Data Analysis']",Legal,Gandhinagar,Gujarat,PolicyThink Tank,LLB
58,3D Animation Intern,"Create 3D models and animations for projects","['3D Modeling', 'Blender/Maya']","['Texturing', 'Rigging']",Design,Mumbai,Maharashtra,Animation Alley,B.Des
59,Sales Operations Intern,"Support the sales team with data entry, reporting, and process optimization","['Excel', 'Organization']","['CRM (Salesforce)', 'Data Analysis']",Sales,Pune,Maharashtra,SalesOps Ltd.,BBA
60,Renewable Energy Intern,"Support projects related to solar or wind energy systems","['Renewable Energy Concepts', 'Physics']","['AutoCAD', 'Data Analysis']",Engineering,Jaipur,Rajasthan,GreenPower Solutions,B.Tech
61,SEO Intern,"Perform keyword research and optimize website content for search engines","['SEO Principles', 'Analytical Skills']","['Google Search Console', 'Content Writing']",Marketing,Ahmedabad,Gujarat,SearchMax Consultants,Any Graduate
62,Database Administrator Intern,"Assist in managing, tuning, and backing up databases","['SQL', 'Database Fundamentals']","['MySQL/PostgreSQL', 'Linux']",IT,Indore,Madhya Pradesh,DataBase Pros,B.Tech
63,Fashion Design Intern,"Assist in sketching, fabric sourcing, and creating mood boards","['Sketching', 'Creativity']","['Photoshop', 'Fashion Trends']",Design,Mumbai,Maharashtra,Studio Aesthetic,B.Des
64,Investment Banking Intern,"Prepare pitch books and perform company valuation analysis","['Excel', 'Financial Modeling']","['PPT', 'Accounting']",Finance,Kolkata,West Bengal,Merchant Bankers Corp.,MBA
65,Community Manager Intern,"Engage with our online community and manage social media interactions","['Communication', 'Social Media']","['Content Creation', 'Customer Support']",Marketing,Bengaluru,Karnataka,GameOn Interactive,B.A
66,Embedded Linux Intern,"Port and develop applications for embedded Linux systems","['C', 'Linux']","['Yocto Project', 'Shell Scripting']",Electronics,Bangalore,Karnataka,EmbeddedBits,B.Tech
67,Clinical Research Intern,"Support clinical trials by maintaining documentation and data entry","['Attention to Detail', 'Life Sciences']","['GCP Guidelines', 'Excel']",Research,Hyderabad,Telangana,ClinTrial Solutions,B.Sc
68,IT Support Intern,"Provide technical assistance to employees and troubleshoot hardware/software issues","['Troubleshooting', 'Windows/MacOS']","['Networking', 'Communication']",IT,Chennai,Tamil Nadu,TechSupport Plus,BCA
69,Digital Content Creator Intern,"Create short-form video content for platforms like Instagram Reels and YouTube Shorts","['Video Editing', 'Creativity']","['Scriptwriting', 'Social Media Trends']",Media,Delhi,Delhi,ViralVerse,B.A
70,Strategy Intern,"Conduct competitive analysis and research for strategic projects","['Research', 'Strategic Thinking']","['Consulting Frameworks', 'PPT']",Management,Gurgaon,Haryana,StratAdvise Consultants,MBA
71,Backend Intern (Node.js),"Develop and maintain scalable server-side features using Node.js","['Node.js', 'JavaScript']","['Express.js', 'MongoDB']",IT,Pune,Maharashtra,ServerCraft.io,B.Tech
72,Public Health Intern,"Assist in community health outreach programs and data collection","['Communication', 'Research']","['Data Analysis', 'Public Health Knowledge']",Research,Bhubaneswar,Odisha,HealthOutreach India,B.Sc
73,UI Developer Intern,"Translate design mockups into functional and responsive web pages","['HTML', 'CSS', 'JavaScript']","['React', 'Figma']",IT,Navi Mumbai,Maharashtra,Interface Studios,B.Tech
74,Retail Management Intern,"Work on the shop floor, manage inventory, and analyze sales data","['Communication', 'Customer Service']","['Excel', 'Retail Operations']",Management,Lucknow,Uttar Pradesh,UrbanRetail,BBA
75,Audio Engineer Intern,"Assist with recording, editing, and mixing audio for projects","['Audio Editing', 'Pro Tools/DAW']","['Sound Design', 'Creativity']",Media,Chennai,Tamil Nadu,SoundSmith Studios,B.A
76,Quantitative Analysis Intern,"Develop and test algorithmic trading strategies","['Python', 'Statistics']","['C++', 'Financial Markets']",Finance,Mumbai,Maharashtra,AlgoTrade Capital,B.Tech
77,GIS Intern,"Work with geographic data to create maps and perform spatial analysis","['GIS Software', 'Spatial Analysis']","['Python', 'Remote Sensing']",Technology,Dehradun,Uttarakhand,GeoMappers Inc.,B.Tech
78,Recruitment Intern,"Source candidates, screen resumes, and schedule interviews","['Communication', 'Sourcing']","['LinkedIn Recruiter', 'ATS']",HR,Hyderabad,Telangana,TalentFinders,B.A
79,Full-Stack Intern (MERN),"Build end-to-end features using the MERN stack (MongoDB, Express, React, Node)","['JavaScript', 'React', 'Node.js']","['MongoDB', 'Express.js']",IT,Bangalore,Karnataka,WebWeavers,B.Tech
80,Pharmaceutical Sales Intern,"Accompany sales representatives on field visits and learn about product detailing","['Communication', 'Presentation']","['Pharmacology', 'Relationship Building']",Sales,Chandigarh,Punjab,MediPharma Solutions,B.Pharma
81,Game Design Intern,"Design game levels, characters, and mechanics","['Game Design Principles', 'Creativity']","['Unity', 'Scripting']",Design,Remote,,DreamGate Games,B.Des
82,Cloud Security Intern,"Assist in implementing security controls in cloud environments (AWS/Azure)","['Cloud Basics', 'Security Fundamentals']","['AWS IAM', 'Scripting']",IT,Chennai,Tamil Nadu,CloudShield Security,B.Tech
83,Brand Management Intern,"Support the development and execution of brand marketing strategies","['Marketing', 'Creativity']","['Market Research', 'PPT']",Marketing,Kochi,Kerala,BrandHouse International,MBA
84,Civil Engineering Intern,"Assist in site supervision and review construction drawings","['AutoCAD', 'Civil Engineering Basics']","['MS Project', 'Surveying']",Engineering,Vadodara,Gujarat,ConstructWell Engineers,B.Tech
85,Technical Support Engineer Intern,"Debug and resolve customer technical issues related to the product","['Problem Solving', 'Communication']","['Linux', 'Networking']",IT,Raipur,Chhattisgarh,TechResolve Inc.,B.Tech
86,Social Work Intern,"Work with NGOs on field projects for community development","['Empathy', 'Communication']","['Project Management', 'Report Writing']",Social Work,Guwahati,Assam,Umang Foundation,MSW
87,Product Design Intern,"Design user interfaces and create interactive prototypes","['Figma', 'UI/UX Design']","['Prototyping', 'User Research']",Design,Gurgaon,Haryana,ProductPixel Labs,B.Des
88,Business Analytics Intern,"Analyze business metrics and create reports for stakeholders","['Excel', 'Data Analysis']","['SQL', 'Tableau']",Analytics,Pune,Maharashtra,BizInsight Analytics,BBA
89,Microbiology Intern,"Perform microbiological testing and maintain lab cultures","['Microbiology', 'Aseptic Techniques']","['Data Recording', 'Lab Safety']",Research,Hyderabad,Telangana,BioLab Research,B.Sc
90,Frontend Intern (Vue.js),"Help build user interfaces for web applications using Vue.js","['JavaScript', 'HTML', 'CSS']","['Vue.js', 'REST APIs']",IT,Jaipur,Rajasthan,VueVisionaries,B.Tech
91,Market Risk Intern,"Assist in measuring and analyzing market risk exposure","['Excel', 'Quantitative Skills']","['VBA', 'Financial Products']",Finance,Mumbai,Maharashtra,RiskMetrics Ltd.,MBA
92,Marine Biology Intern,"Participate in field research and data collection related to marine ecosystems","['Marine Biology', 'Fieldwork']","['SCUBA Diving', 'Data Analysis']",Research,Goa,,Oceanic Research Institute,B.Sc
93,IT Project Management Intern,"Assist project managers in tracking timelines, resources, and deliverables","['Organization', 'Communication']","['Jira', 'PPT']",Management,Noida,Uttar Pradesh,ProManage IT,B.Tech
94,Music Production Intern,"Assist in music production, mixing, and mastering for artists","['Music Theory', 'DAW (Ableton/FL)']","['Sound Design', 'Creativity']",Media,Mumbai,Maharashtra,BeatFactory,B.A
95,Data Engineering Intern,"Build and maintain data pipelines for ETL processes","['Python', 'SQL']","['Apache Spark', 'AWS']",IT,Bangalore,Karnataka,DataFlow Engineers,B.Tech
96,Industrial Design Intern,"Design consumer products and create detailed 3D models and prototypes","['3D Modeling', 'Sketching']","['CAD', 'Design Thinking']",Design,Faridabad,Haryana,DesignForge Studios,B.Des
97,Corporate Law Intern,"Conduct legal research and assist in drafting contracts and agreements","['Legal Research', 'Drafting']","['Corporate Law', 'Communication']",Legal,Mumbai,Maharashtra,CorpLegal Advisors,LLB
98,AR/VR Development Intern,"Develop immersive experiences using Augmented or Virtual Reality tools","['C#', 'Unity']","['3D Modeling', 'UX Design']",IT,Hyderabad,Telangana,Immerse Labs,B.Tech
99,Hotel Management Intern,"Rotate through various departments of a hotel (Front Office, F&B, Housekeeping)","['Customer Service', 'Communication']","['Hospitality Software', 'Multitasking']",Hospitality,Jaipur,Rajasthan,GrandStay Hotels,BHM
100,AI Ethics Intern,"Research ethical implications of AI systems and help develop guidelines","['Research', 'Ethics']","['AI/ML Knowledge', 'Policy']",Research,Bangalore,Karnataka,EthicalAI Forum,B.Tech
101,Front-End Developer Intern,"Develop user-facing features with modern JavaScript frameworks","['HTML', 'CSS', 'JavaScript']","['React', 'Vue.js']",IT,Hyderabad,Telangana,WebWorks,B.Tech
102,Biotechnology Intern,"Perform molecular and cell biology experiments in a lab setting","['Molecular Biology', 'Cell Culture']","['PCR', 'ELISA']",Research,Mumbai,Maharashtra,GeneSolutions,M.Sc
103,Business Analyst Intern,"Analyze business processes and suggest improvements","['Data Analysis', 'Problem Solving']","['SQL', 'Tableau']",Analytics,Bangalore,Karnataka,Stratagem,BBA
104,Legal Intern (Litigation),"Assist in preparing case briefs and legal research for court cases","['Legal Research', 'Writing']","['Drafting', 'Civil Procedure']",Legal,Delhi,Delhi,Justice Associates,LLB
105,Marketing Research Intern,"Collect and analyze data to understand consumer behavior","['Research', 'Data Analysis']","['Survey Tools', 'Excel']",Marketing,Pune,Maharashtra,Consumer Insights,BBA
106,Robotics Process Automation (RPA) Intern,"Automate business processes using RPA tools","['Python', 'RPA Basics']","['UiPath', 'Automation Anywhere']",IT,Chennai,Tamil Nadu,AutoBot Solutions,B.Tech
107,Graphic Designer Intern,"Create visual concepts for print and digital media","['Photoshop', 'Illustrator']","['InDesign', 'Canva']",Design,Ahmedabad,Gujarat,VisualSpark,B.A
108,Operations Intern,"Support daily business operations and logistics planning","['Organization', 'Excel']","['Supply Chain', 'ERP Software']",Management,Kolkata,West Bengal,Opus Logistics,MBA
109,Public Relations Intern,"Draft press releases and manage media relations","['Communication', 'Writing']","['Media Monitoring', 'Event Planning']",Marketing,Chandigarh,Punjab,PR Connect,B.A
110,Financial Planning & Analysis (FP&A) Intern,"Assist in budgeting, forecasting, and financial analysis","['Excel', 'Financial Modeling']","['Power BI', 'Accounting']",Finance,Mumbai,Maharashtra,Capital Advisors,MBA
111,Embedded Systems Intern (Robotics),"Program microcontrollers for robotic applications","['C++', 'Microcontrollers']","['ROS', 'Arduino']",Engineering,Coimbatore,Tamil Nadu,RoboCore,B.Tech
112,Data Science Intern,"Build and evaluate machine learning models for business problems","['Python', 'Machine Learning']","['TensorFlow', 'PyTorch']",IT,Hyderabad,Telangana,DataSphere,M.Tech
113,Journalism Intern (Sports),"Cover local sports events and write articles","['Writing', 'Research']","['Interviewing', 'Photography']",Media,Jaipur,Rajasthan,Sports Daily,B.A
114,Urban Planning Intern,"Assist in data collection and analysis for city planning projects","['GIS', 'Urban Planning']","['AutoCAD', 'Research']",Architecture,Lucknow,Uttar Pradesh,CityPlanners Inc.,M.Arch
115,Cloud Computing Intern,"Deploy and manage applications on cloud platforms","['AWS', 'Linux']","['Docker', 'Kubernetes']",IT,Bangalore,Karnataka,Cloudify,B.Tech
116,Human Resources Intern,"Support recruitment, onboarding, and employee relations","['Communication', 'HR Principles']","['Recruitment Software', 'Excel']",HR,Pune,Maharashtra,PeopleGrow,BBA
117,Renewable Energy Intern,"Work on projects related to solar panel installation and maintenance","['Solar Energy', 'Electrical Engineering']","['AutoCAD', 'Project Management']",Engineering,Bhubaneswar,Odisha,GreenTech Energy,B.Tech
118,Backend Developer Intern,"Develop and maintain server-side logic and APIs","['Node.js', 'Express.js']","['MongoDB', 'SQL']",IT,Gurgaon,Haryana,API Hub,B.Tech
119,Physiotherapy Intern,"Assist licensed therapists in patient treatment and rehabilitation","['Anatomy', 'Clinical Skills']","['Patient Care', 'Communication']",Healthcare,Chennai,Tamil Nadu,HealWell Clinics,B.P.T
120,Technical Writer Intern,"Create technical documentation and user manuals for software products","['Technical Writing', 'Clarity']","['Markdown', 'API Documentation']",IT,Kochi,Kerala,DocuFlow,B.Tech
121,Supply Chain Analytics Intern,"Analyze supply chain data to optimize inventory and logistics","['Data Analysis', 'Excel']","['SQL', 'Power BI']",Management,Ahmedabad,Gujarat,ChainLink Analytics,MBA
122,E-commerce Marketing Intern,"Manage product listings and digital marketing for an online store","['Digital Marketing', 'Social Media']","['SEO', 'Google Analytics']",Marketing,Surat,Gujarat,ShopSmart,BBA
123,Civil Engineering Intern (Structures),"Assist in structural design and analysis of buildings","['Structural Analysis', 'AutoCAD']","['STAAD.Pro', 'Revit']",Engineering,Vadodara,Gujarat,Constructa Engineers,B.Tech
124,Data Analyst Intern,"Clean, process, and visualize large datasets to extract insights","['SQL', 'Python']","['Tableau', 'Excel']",IT,Bangalore,Karnataka,DataMinds,M.Sc
125,Social Media Manager Intern,"Develop and execute social media strategies and content calendars","['Social Media', 'Content Creation']","['Canva', 'Analytics']",Marketing,Goa,,Beachside Marketing,B.A
126,Full-Stack Developer Intern,"Work on both front-end and back-end development tasks","['JavaScript', 'React', 'Node.js']","['Git', 'MongoDB']",IT,Pune,Maharashtra,InnovateWeb,B.Tech
127,Environmental Engineering Intern,"Assist in projects related to waste management and pollution control","['Environmental Science', 'Data Collection']","['GIS', 'AutoCAD']",Engineering,Dehradun,Uttarakhand,EcoSolutions,B.E
128,Product Management Intern,"Conduct market research and help define product features","['Analytical Thinking', 'Communication']","['Jira', 'Figma']",Management,Hyderabad,Telangana,ProductGenius,B.Tech
129,Legal Intern (Corporate Law),"Assist in drafting contracts and performing legal due diligence","['Corporate Law', 'Research']","['Drafting', 'Negotiation']",Legal,Mumbai,Maharashtra,CorpLegal,LLB
130,UI/UX Designer Intern,"Design and prototype user interfaces for mobile applications","['UI Design', 'Wireframing']","['Figma', 'Sketch']",Design,Chennai,Tamil Nadu,UserFlow Studios,B.Des
131,Investment Banking Intern,"Create financial models and presentations for M&A deals","['Financial Modeling', 'Excel']","['PowerPoint', 'Valuation']",Finance,Kolkata,West Bengal,FinCorp Advisors,MBA
132,Mechanical Engineering Intern (CAD),"Create and modify 3D models and engineering drawings","['AutoCAD', 'SolidWorks']","['Fusion 360', 'Simulation']",Engineering,Pune,Maharashtra,MechDesign,B.Tech
133,Journalism Intern (Political),"Cover political events and assist in research for news articles","['Writing', 'Research']","['Interviewing', 'Fact-checking']",Media,New Delhi,Delhi,Political Watch,B.A
134,Cybersecurity Intern,"Perform vulnerability assessments and penetration testing","['Networking', 'Linux']","['Penetration Testing', 'Kali Linux']",IT,Noida,Uttar Pradesh,SecureWave,B.Tech
135,Sales & Business Development Intern,"Identify potential clients and assist in lead generation","['Communication', 'Sales Skills']","['CRM', 'Negotiation']",Sales,Bangalore,Karnataka,SalesPro,BBA
136,Biomedical Engineering Intern,"Assist in the design and testing of medical devices","['Biomedical Engineering', 'Electronics']","['Matlab', 'Prototyping']",Engineering,Coimbatore,Tamil Nadu,BioMed Innovations,B.Tech
137,Content Marketing Intern,"Write and optimize content for SEO and digital campaigns","['Content Writing', 'SEO']","['WordPress', 'Keyword Research']",Marketing,Jaipur,Rajasthan,ContentSphere,B.A
138,HR Analytics Intern,"Analyze HR data to improve recruitment and retention strategies","['Data Analysis', 'Excel']","['SQL', 'Power BI']",HR,Remote,,TalentMetrics,MBA
139,Network Engineering Intern,"Configure and troubleshoot network devices","['Networking', 'Cisco']","['Linux', 'Wireshark']",IT,Indore,Madhya Pradesh,NetConnect,B.Tech
140,Architecture Intern,"Assist in creating architectural designs and 3D renderings","['AutoCAD', 'SketchUp']","['Revit', 'Lumion']",Design,Chandigarh,Punjab,DesignCraft Architects,B.Arch
141,DevOps Intern,"Automate software development and deployment processes","['Linux', 'Scripting']","['Docker', 'Jenkins']",IT,Bangalore,Karnataka,FlowOps,B.Tech
142,Public Health Intern,"Conduct research and assist in community health awareness programs","['Research', 'Communication']","['Data Collection', 'Public Health']",Research,Patna,Bihar,HealthFirst,B.Sc
143,Photography Intern,"Capture and edit photos for marketing and social media","['Photography', 'Photo Editing']","['Lightroom', 'Creativity']",Media,Bhopal,Madhya Pradesh,SnapShot Studios,B.A
144,Financial Analyst Intern,"Assist in preparing financial reports and market analysis","['Excel', 'Accounting']","['Power BI', 'Financial Modeling']",Finance,Chennai,Tamil Nadu,FinPulse,B.Com
145,Robotics Intern (AI),"Develop and test AI algorithms for robotic applications","['Python', 'Robotics']","['TensorFlow', 'ROS']",Engineering,Hyderabad,Telangana,AI-Robotics,M.Tech
146,Event Management Intern,"Assist in the planning and execution of corporate events","['Organization', 'Communication']","['Vendor Management', 'Budgeting']",Management,Mumbai,Maharashtra,EventPro,BBA
147,Front-End Intern (Angular),"Build user interfaces for web applications using Angular","['HTML', 'CSS', 'JavaScript']","['Angular', 'TypeScript']",IT,Pune,Maharashtra,Angular Labs,B.Tech
148,Customer Support Intern,"Provide technical support to customers via chat and email","['Communication', 'Problem Solving']","['Zendesk', 'CRM Software']",Support,Remote,,Support Solutions,Any Graduate
149,Quantitative Research Intern,"Assist in developing and backtesting trading strategies","['Python', 'Statistics']","['Pandas', 'Financial Markets']",Finance,Mumbai,Maharashtra,AlgoQuant,M.Sc
150,User Research Intern,"Conduct user interviews and usability testing to gather feedback","['User Research', 'Empathy']","['Figma', 'Survey Design']",Design,Bangalore,Karnataka,UserCentric,B.Des
151,Embedded C Intern,"Develop and test firmware for embedded systems","['C', 'Microcontrollers']","['Embedded Linux', 'Debugging']",Electronics,Bangalore,Karnataka,EmbedTech,B.Tech
152,Digital Marketing Analyst Intern,"Analyze campaign performance and generate reports","['Google Analytics', 'Excel']","['SEO', 'PPC']",Marketing,Delhi,Delhi,Digital Sphere,BBA
153,Operations Management Intern,"Optimize operational processes and logistics","['Process Improvement', 'Excel']","['Lean Manufacturing', 'Supply Chain']",Management,Chennai,Tamil Nadu,OptiOps,MBA
154,Game Development Intern,"Assist in developing game assets and mechanics","['Unity', 'C#']","['Game Design', '3D Modeling']",IT,Remote,,Virtual Worlds,B.Tech
155,Social Work Intern,"Work with NGOs on community development projects","['Community Outreach', 'Empathy']","['Project Management', 'Research']",Social Work,Guwahati,Assam,Hope Foundation,MSW
156,Renewable Energy Intern (Solar),"Assist in designing and monitoring solar energy systems","['Solar Energy', 'Physics']","['AutoCAD', 'Data Analysis']",Engineering,Jaipur,Rajasthan,SunPower Solutions,B.E
157,Legal Intern (IP Law),"Conduct legal research on intellectual property rights","['Intellectual Property', 'Research']","['Patents', 'Copyrights']",Legal,Chennai,Tamil Nadu,IP Protect,LLB
158,Frontend Developer Intern (React),"Build responsive web applications using React","['React', 'JavaScript', 'HTML', 'CSS']","['Redux', 'API Integration']",IT,Hyderabad,Telangana,Reactify,B.Tech
159,E-commerce Operations Intern,"Manage online store operations, including inventory and order processing","['E-commerce Platforms', 'Attention to Detail']","['Excel', 'Supply Chain']",Marketing,Surat,Gujarat,EcomEdge,BBA
160,Data Engineering Intern,"Build data pipelines for ETL processes","['Python', 'SQL']","['Apache Spark', 'AWS']",IT,Bangalore,Karnataka,DataPipe,B.Tech
161,Product Design Intern,"Design user interfaces for a new software product","['UI/UX Design', 'Figma']","['Prototyping', 'User Research']",Design,Gurgaon,Haryana,DesignFirst,B.Des
162,Civil Engineering Intern,"Assist in site surveying and project documentation","['AutoCAD', 'Civil Engineering Basics']","['MS Project', 'Surveying']",Engineering,Bhubaneswar,Odisha,CityBuild,B.Tech
163,Financial Analyst Intern (FinTech),"Analyze financial data for a technology-focused company","['Excel', 'Data Analysis']","['SQL', 'Python']",Finance,Mumbai,Maharashtra,FinTech Innovators,B.Tech
164,UX Research Intern,"Plan and conduct usability tests and user interviews","['User Research', 'Empathy']","['Survey Design', 'Figma']",Design,Remote,,UserLogic,B.Des
165,Marketing Intern (Social Media),"Create engaging content and manage social media campaigns","['Social Media', 'Content Creation']","['Canva', 'Analytics']",Marketing,Mumbai,Maharashtra,BrandBuilders,B.A
166,DevOps Intern (Cloud),"Assist in managing and automating cloud infrastructure","['Linux', 'AWS']","['Terraform', 'Kubernetes']",IT,Pune,Maharashtra,CloudOps,B.Tech
167,Biotechnology Intern (Bioinformatics),"Analyze biological data using computational tools","['Python', 'Bioinformatics']","['R', 'SQL']",Research,Bangalore,Karnataka,BioData Labs,M.Sc
168,Recruitment Intern,"Source and screen candidates for various roles","['Communication', 'Sourcing']","['LinkedIn', 'ATS']",HR,Hyderabad,Telangana,Talent Scout,B.A
169,Electrical Engineering Intern,"Work on circuit design and hardware testing","['Circuit Design', 'Electronics']","['Altium', 'PSpice']",Engineering,Coimbatore,Tamil Nadu,Circuit Innovations,B.Tech
170,Market Research Intern (Tech),"Conduct market research for new technology products","['Research', 'Data Analysis']","['Survey Tools', 'Excel']",Marketing,Delhi,Delhi,Tech Insights,BBA
171,Full-Stack Developer Intern (MERN),"Develop end-to-end web applications with the MERN stack","['React', 'Node.js', 'MongoDB']","['Express.js', 'API Integration']",IT,Bangalore,Karnataka,WebCrafters,B.Tech
172,Social Media Intern (Analytics),"Analyze social media performance and create reports","['Social Media Analytics', 'Excel']","['Google Analytics', 'Data Studio']",Marketing,Delhi,Delhi,Insightful Media,BBA
173,Front-End Intern (UI/UX),"Translate design mockups into interactive web pages","['HTML', 'CSS', 'JavaScript']","['Figma', 'React']",IT,Navi Mumbai,Maharashtra,Interface Geniuses,B.Tech
174,Public Policy Intern,"Research and analyze public policy issues","['Research', 'Writing']","['Data Analysis', 'Policy']",Legal,Delhi,Delhi,Policy Research Group,LLB
175,Robotics Intern (Embedded),"Assist in the development of embedded systems for robotics","['C++', 'Microcontrollers']","['ROS', 'Embedded Linux']",Engineering,Pune,Maharashtra,RoboWorks,M.Tech
176,Journalism Intern (Investigative),"Assist in in-depth research for investigative reports","['Research', 'Fact-checking']","['Interviewing', 'Writing']",Media,Mumbai,Maharashtra,Truth Tellers,B.A
177,Sales Intern (Software),"Assist in sales and customer relationship management","['Communication', 'Sales Skills']","['CRM', 'Product Knowledge']",Sales,Pune,Maharashtra,SoftSell,BBA
178,Data Analyst Intern (Marketing),"Analyze marketing campaign data and consumer trends","['Data Analysis', 'SQL']","['Power BI', 'Google Analytics']",Analytics,Gurgaon,Haryana,MarketData,BBA
179,HR Intern (Operations),"Support daily HR operations and administrative tasks","['Communication', 'Excel']","['HRIS', 'Problem Solving']",HR,Kolkata,West Bengal,PeopleCare,B.A
180,UI Developer Intern,"Build user interfaces for web applications from design files","['HTML', 'CSS', 'JavaScript']","['React', 'Figma']",IT,Bangalore,Karnataka,UI-Craft,B.Tech
181,Financial Analyst Intern (Banking),"Assist in financial reporting and analysis for a bank","['Excel', 'Accounting']","['Bloomberg Terminal', 'Financial Modeling']",Finance,Mumbai,Maharashtra,Global Bank,MBA
182,Mechanical Engineering Intern (Automotive),"Assist in design and testing of automotive components","['CAD', 'Mechanical Engineering']","['SolidWorks', 'FEA']",Engineering,Chennai,Tamil Nadu,AutoTech,B.Tech
183,Social Media Intern (Video),"Create and edit short-form video content","['Video Editing', 'Creativity']","['Premiere Pro', 'After Effects']",Media,Hyderabad,Telangana,VisualPulse,B.A
184,Cloud Security Intern,"Assist in implementing security measures in cloud environments","['Cloud Basics', 'Security Fundamentals']","['AWS IAM', 'Linux']",IT,Chennai,Tamil Nadu,SecureCloud,B.Tech
185,Operations Intern (Retail),"Support retail operations and inventory management","['Customer Service', 'Excel']","['Retail Operations', 'Communication']",Management,Lucknow,Uttar Pradesh,RetailPro,BBA
186,Legal Intern (Tax Law),"Conduct legal research on tax regulations and assist in case preparation","['Tax Law', 'Research']","['Drafting', 'Compliance']",Legal,Delhi,Delhi,Tax Advisors,LLB
187,QA/Testing Intern,"Perform manual and automated testing on software products","['Testing Methodologies', 'Attention to Detail']","['Selenium', 'Jira']",IT,Pune,Maharashtra,Quality Assured,B.Tech
188,Marketing Intern (Digital),"Assist in managing SEO and content strategies","['SEO', 'Content Writing']","['WordPress', 'Google Analytics']",Marketing,Jaipur,Rajasthan,Digital Growth,BBA
189,Research Assistant (Chemistry),"Perform experiments and analyze data in a chemistry lab","['Chemistry', 'Lab Techniques']","['Data Analysis', 'Report Writing']",Research,Kanpur,Uttar Pradesh,ChemLabs,M.Sc
190,Backend Developer Intern (Python),"Build and maintain APIs using Python and Django","['Python', 'Django']","['REST APIs', 'PostgreSQL']",IT,Hyderabad,Telangana,Backend Masters,B.Tech
191,E-commerce Intern (Marketplace),"Manage product listings and promotions on various marketplaces","['Marketplace Management', 'Attention to Detail']","['Digital Marketing', 'Analytics']",Marketing,Surat,Gujarat,ShopMore,BBA
192,Public Relations Intern (Corporate),"Draft press releases and support corporate communication","['Communication', 'Writing']","['Crisis Management', 'Media Relations']",Marketing,Kolkata,West Bengal,CorpComm,B.A
193,Supply Chain Intern (Analytics),"Analyze supply chain data for logistics optimization","['Data Analysis', 'Excel']","['SQL', 'Tableau']",Management,Bangalore,Karnataka,LogiData,BBA
194,UI/UX Designer Intern (Mobile),"Design user interfaces for iOS and Android applications","['Figma', 'UI Design']","['Prototyping', 'User Research']",Design,Chennai,Tamil Nadu,AppDesign,B.Des
195,Financial Analyst Intern (Investments),"Assist in analyzing investment opportunities and preparing reports","['Financial Analysis', 'Excel']","['Bloomberg Terminal', 'Valuation']",Finance,Mumbai,Maharashtra,Wealth Managers,MBA
196,Mechanical Engineering Intern,"Work on thermal and fluid dynamics simulations","['FEA', 'CFD']","['Matlab', 'Ansys']",Engineering,Coimbatore,Tamil Nadu,ThermoFlow,M.Tech
197,Content Writer Intern (SEO),"Write SEO-optimized articles and blog posts","['Writing', 'SEO']","['Keyword Research', 'Editing']",Marketing,Jaipur,Rajasthan,Content Wizards,B.A
198,DevOps Intern (CI/CD),"Implement and manage continuous integration and deployment pipelines","['Git', 'Jenkins']","['Docker', 'Kubernetes']",IT,Pune,Maharashtra,DeployOps,B.Tech
199,HR Intern (Recruitment),"Screen resumes, conduct interviews, and manage candidate database","['Recruitment', 'Communication']","['ATS', 'Excel']",HR,Remote,,Talent Nexus,B.A
200,Data Analyst Intern (BI),"Build dashboards and reports using Business Intelligence tools","['Power BI', 'SQL']","['Tableau', 'Excel']",Analytics,Bangalore,Karnataka,BizIntel,B.Tech
201,Frontend Developer Intern (Vue.js),"Build and maintain user interfaces with Vue.js","['Vue.js', 'JavaScript', 'HTML', 'CSS']","['Nuxt.js', 'REST APIs']",IT,Bengaluru,Karnataka,VueCraft,B.Tech
202,Chemical Engineering Intern,"Assist in process design and simulation in a chemical plant","['Chemical Engineering', 'Process Flow Diagrams']","['Aspen Plus', 'MATLAB']",Engineering,Pune,Maharashtra,ChemInnovate,B.Tech
203,Data Analyst Intern,"Process and analyze large datasets to generate business insights","['SQL', 'Python']","['Tableau', 'Power BI']",Analytics,Hyderabad,Telangana,DataSphere Analytics,B.Tech
204,Public Relations Intern,"Draft press releases and manage media outreach for corporate clients","['Writing', 'Communication']","['Media Relations', 'Event Planning']",Marketing,Mumbai,Maharashtra,PR Solutions,B.A
205,Legal Intern (Environmental Law),"Research environmental regulations and assist in case documentation","['Environmental Law', 'Research']","['Drafting', 'Policy Analysis']",Legal,New Delhi,Delhi,Green Legal,LLB
206,Robotics Intern (AI),"Develop and train machine learning models for robotic navigation","['Python', 'Machine Learning']","['ROS', 'TensorFlow']",Engineering,Chennai,Tamil Nadu,RoboSense,M.Tech
207,Supply Chain Management Intern,"Optimize logistics and inventory management processes","['Analytical Skills', 'Excel']","['Supply Chain Software', 'SAP']",Management,Ahmedabad,Gujarat,LogiChain,MBA
208,UI/UX Designer Intern,"Design and prototype web and mobile application interfaces","['Figma', 'UI Design']","['User Research', 'Adobe XD']",Design,Gurgaon,Haryana,Pixel Labs,B.Des
209,Electrical Engineering Intern,"Work on circuit design, simulation, and testing","['Circuit Design', 'Electronics']","['SPICE', 'MATLAB']",Engineering,Coimbatore,Tamil Nadu,ElecTech,B.Tech
210,Content Marketing Intern,"Create SEO-optimized blog posts, articles, and social media content","['Content Writing', 'SEO']","['WordPress', 'Keyword Research']",Marketing,Jaipur,Rajasthan,Content Hub,B.A
211,HR Intern (Recruitment),"Assist in sourcing, screening, and scheduling interviews for various roles","['Recruitment', 'Communication']","['LinkedIn Recruiter', 'ATS']",HR,Pune,Maharashtra,People Connect,BBA
212,Financial Analyst Intern,"Assist in financial modeling, forecasting, and reporting","['Financial Modeling', 'Excel']","['Power BI', 'VBA']",Finance,Kolkata,West Bengal,FinSense,B.Com
213,Full-Stack Developer Intern (MEAN),"Develop end-to-end applications using the MEAN stack","['MongoDB', 'Express.js', 'Angular', 'Node.js']","['TypeScript', 'Git']",IT,Hyderabad,Telangana,FullStack Wizards,B.Tech
214,Biomedical Research Intern,"Conduct lab experiments and analyze data for medical device development","['Biology', 'Lab Techniques']","['Statistics', 'Data Analysis']",Research,Mumbai,Maharashtra,Medica Research,B.Sc
215,Game Development Intern,"Assist in building game mechanics and levels using Unreal Engine","['C++', 'Unreal Engine']","['3D Modeling', 'Game Design']",IT,Remote,,Gaming Frontier,B.Tech
216,Journalism Intern (Digital Media),"Write news articles for online platforms and manage a digital news desk","['Writing', 'Journalism']","['SEO', 'Social Media']",Media,New Delhi,Delhi,Digital Newsline,B.A
217,Operations Intern,"Support daily logistics and administrative tasks","['Organization', 'Communication']","['Excel', 'Project Management']",Management,Chennai,Tamil Nadu,Opus Corp,BBA
218,DevOps Intern,"Automate software deployment and infrastructure management","['Linux', 'Scripting']","['Docker', 'Kubernetes']",IT,Bangalore,Karnataka,DevOps Hub,B.Tech
219,Architectural Intern,"Assist in creating architectural drawings and presentations","['AutoCAD', '3D Modeling']","['Revit', 'Sketchup']",Design,Vadodara,Gujarat,Design Spectrum,B.Arch
220,Cloud Security Intern,"Assist in implementing security protocols in cloud environments","['Cloud Computing', 'Cybersecurity']","['AWS IAM', 'Linux']",IT,Noida,Uttar Pradesh,Secure Cloud,B.Tech
221,Mechanical Engineering Intern (Automotive),"Work on CAD designs and simulations for automotive parts","['SolidWorks', 'AutoCAD']","['FEA', 'GD&T']",Engineering,Chennai,Tamil Nadu,Auto Dynamics,B.Tech
222,Public Health Intern,"Assist in community health data collection and outreach programs","['Research', 'Communication']","['Data Analysis', 'Public Health']",Research,Bhubaneswar,Odisha,Health Connect,M.Sc
223,Digital Marketing Intern,"Manage social media campaigns and analyze digital marketing data","['Social Media Marketing', 'Google Analytics']","['SEO', 'Content Creation']",Marketing,Indore,Madhya Pradesh,AdVenture,BBA
224,Civil Engineering Intern,"Assist in construction site supervision and quality checks","['Site Supervision', 'Civil Engineering Basics']","['MS Project', 'AutoCAD']",Engineering,Patna,Bihar,City Builders,B.Tech
225,Robotics Process Automation (RPA) Intern,"Develop and test RPA bots to automate business tasks","['UiPath', 'RPA Basics']","['Python', 'Blue Prism']",IT,Kochi,Kerala,RPA Solutions,B.Tech
226,Finance Intern (Risk Management),"Assist in identifying and analyzing financial risks","['Risk Management', 'Excel']","['Quantitative Analysis', 'VBA']",Finance,Mumbai,Maharashtra,RiskWise,MBA
227,E-commerce Intern,"Manage product catalogs and optimize store performance on e-commerce platforms","['E-commerce Platforms', 'Attention to Detail']","['Digital Marketing', 'Analytics']",Marketing,Surat,Gujarat,ShopNow,BBA
228,AR/VR Developer Intern,"Develop interactive experiences using augmented and virtual reality technologies","['Unity', 'C#']","['3D Modeling', 'UX Design']",IT,Hyderabad,Telangana,Immerse Reality,B.Tech
229,Marketing Intern (Brand Management),"Support brand strategy development and market research","['Market Research', 'Creativity']","['PPT', 'Data Analysis']",Marketing,Kochi,Kerala,Brand Hub,B.A
230,Data Engineering Intern,"Build and maintain data pipelines for ETL processes","['Python', 'SQL']","['AWS', 'Spark']",IT,Bangalore,Karnataka,Data Flow,B.Tech
231,Environmental Science Intern,"Conduct field research and lab analysis of environmental samples","['Environmental Science', 'Lab Techniques']","['GIS', 'Data Analysis']",Research,Dehradun,Uttarakhand,Eco Earth,M.Sc
232,Blockchain Developer Intern,"Assist in the development of smart contracts and decentralized applications","['Solidity', 'Blockchain Basics']","['JavaScript', 'Truffle']",IT,Mumbai,Maharashtra,BlockChain Innovations,B.Tech
233,IT Support Intern,"Provide technical assistance to employees and troubleshoot hardware/software issues","['Troubleshooting', 'Communication']","['Windows/MacOS', 'Networking']",IT,Lucknow,Uttar Pradesh,Tech Aid,Any Graduate
234,Social Media Intern,"Create engaging content and manage social media communities","['Content Creation', 'Social Media Platforms']","['Canva', 'Analytics']",Marketing,Ahmedabad,Gujarat,Connect Social,BBA
235,Aerospace Engineering Intern,"Work on CAD designs and simulations for aerospace components","['CAD', 'Aerodynamics']","['Ansys', 'SolidWorks']",Engineering,Bengaluru,Karnataka,AeroTech,B.Tech
236,UI/UX Research Intern,"Conduct user interviews and usability tests to gather insights","['User Research', 'Empathy']","['Figma', 'Survey Design']",Design,Pune,Maharashtra,User Insights,B.Des
237,Investment Banking Intern,"Assist in preparing financial models and pitch books for corporate finance deals","['Financial Modeling', 'Excel']","['PowerPoint', 'Valuation']",Finance,Mumbai,Maharashtra,Merchant Banking Partners,MBA
238,Media Intern (Video Production),"Assist in shooting, editing, and producing video content","['Video Production', 'Video Editing']","['Adobe Premiere Pro', 'After Effects']",Media,Hyderabad,Telangana,Visuals Inc.,B.A
239,Backend Developer Intern (Java),"Develop and maintain APIs using Java and Spring Boot","['Java', 'Spring Boot']","['Microservices', 'Git']",IT,Hyderabad,Telangana,Java Solutions,B.Tech
240,Civil Engineering Intern (Water Resources),"Assist in projects related to water resource management","['Hydrology', 'GIS']","['AutoCAD', 'Data Analysis']",Engineering,Bhopal,Madhya Pradesh,AquaTech,B.Tech
241,Data Science Intern,"Work on natural language processing (NLP) and computer vision projects","['Python', 'Machine Learning']","['NLP', 'Computer Vision']",IT,Chennai,Tamil Nadu,AI-driven Insights,M.Tech
242,Digital Marketing Intern (SEO),"Optimize websites for search engines and perform keyword research","['SEO', 'Content Writing']","['Google Analytics', 'Ahrefs']",Marketing,Delhi,Delhi,SEO Experts,BBA
243,Supply Chain Intern,"Analyze logistics data to optimize shipping routes and costs","['Data Analysis', 'Excel']","['SQL', 'Supply Chain Software']",Management,Kolkata,West Bengal,SupplyChain Pro,MBA
244,Architecture Intern (Landscape),"Assist in designing and documenting landscape projects","['Landscape Design', 'AutoCAD']","['SketchUp', 'GIS']",Design,Chandigarh,Punjab,Green Spaces,B.Arch
245,Front-End Intern (React),"Develop user interfaces with React and Redux","['React', 'JavaScript', 'HTML', 'CSS']","['Redux', 'REST APIs']",IT,Bengaluru,Karnataka,React Innovations,B.Tech
246,Product Management Intern,"Conduct user research and help define product roadmaps","['Analytical Thinking', 'Communication']","['Figma', 'Agile Methodologies']",Management,Pune,Maharashtra,Product Labs,BBA
247,Legal Intern (Litigation),"Assist in legal research and drafting for court cases","['Legal Research', 'Drafting']","['Civil Procedure', 'Argumentation']",Legal,Mumbai,Maharashtra,Justice League,LLB
248,Robotics Intern,"Assist in building and programming robotic prototypes","['Python', 'Robotics Basics']","['ROS', 'C++']",Engineering,Coimbatore,Tamil Nadu,Robo Creators,B.Tech
249,Social Media Intern (Analytics),"Analyze social media campaign performance and create reports","['Social Media Analytics', 'Excel']","['Google Analytics', 'Data Studio']",Marketing,Hyderabad,Telangana,Social Metrics,B.A
250,Finance Intern (FinTech),"Work on developing features for financial technology products","['Python', 'Financial Knowledge']","['Java', 'SQL']",Finance,Mumbai,Maharashtra,FinTech Solutions,B.Tech
251,Embedded Systems Intern,"Work on firmware development and hardware testing","['C', 'Microcontrollers']","['Embedded Linux', 'Debugging']",Electronics,Bangalore,Karnataka,Embed Solutions,B.Tech
252,HR Intern (Operations),"Support daily HR operations including employee onboarding and record keeping","['Communication', 'Excel']","['HRIS', 'Problem Solving']",HR,Remote,,Talent Management,Any Graduate
253,Sales Intern,"Assist the sales team in lead generation and client outreach","['Communication', 'Sales Skills']","['CRM Software', 'Negotiation']",Sales,Pune,Maharashtra,Sales Experts,BBA
254,Frontend Intern (Angular),"Build user interfaces for web applications using Angular","['Angular', 'TypeScript']","['RxJS', 'NgRx']",IT,Hyderabad,Telangana,Angular Hub,B.Tech
255,Environmental Engineering Intern,"Assist in projects related to pollution control and waste management","['Environmental Science', 'Data Collection']","['GIS', 'AutoCAD']",Engineering,Bhubaneswar,Odisha,Clean Earth,B.E
256,Data Analyst Intern (FinTech),"Analyze financial data and build dashboards for a FinTech company","['SQL', 'Excel']","['Python', 'Power BI']",Analytics,Bengaluru,Karnataka,FinData,B.Tech
257,UI/UX Design Intern,"Create user-centered designs for web and mobile applications","['UI Design', 'Wireframing']","['Figma', 'Prototyping']",Design,Chennai,Tamil Nadu,User First,B.Des
258,Operations Intern (Retail),"Assist in store management, inventory control, and customer service","['Customer Service', 'Excel']","['Retail Operations', 'Communication']",Management,Lucknow,Uttar Pradesh,Urban Retail,BBA
259,Legal Intern (Corporate Law),"Draft legal documents and conduct due diligence for corporate transactions","['Corporate Law', 'Drafting']","['Legal Research', 'Communication']",Legal,Mumbai,Maharashtra,Corp Advisors,LLB
260,Civil Engineering Intern (Transportation),"Assist in projects related to road and highway design","['Transportation Engineering', 'AutoCAD']","['GIS', 'Surveying']",Engineering,Jaipur,Rajasthan,TranspoBuild,B.Tech
261,IT Support Intern,"Provide technical support to internal teams and troubleshoot IT issues","['Troubleshooting', 'Networking']","['Linux', 'Windows']",IT,Chennai,Tamil Nadu,Tech Support Plus,BCA
262,Quantitative Analyst Intern,"Develop and test quantitative models for financial markets","['Python', 'Statistics']","['C++', 'Financial Markets']",Finance,Mumbai,Maharashtra,Quant Capital,M.Sc
263,Biotechnology Intern (Genetics),"Work on genetic sequencing and molecular biology experiments","['Genetics', 'Molecular Biology']","['Data Analysis', 'PCR']",Research,Hyderabad,Telangana,GeneTech,M.Sc
264,Media Intern (Digital Content),"Create and edit video and graphic content for social media","['Video Editing', 'Graphic Design']","['Adobe Premiere Pro', 'Canva']",Media,Delhi,Delhi,Digital Creators,B.A
265,DevOps Intern (AWS),"Assist in deploying and managing applications on AWS cloud","['AWS', 'Linux']","['Docker', 'Kubernetes']",IT,Pune,Maharashtra,Cloud Deploy,B.Tech
266,Sales & Business Development Intern,"Identify new business opportunities and support the sales team","['Communication', 'Research']","['CRM', 'Presentation Skills']",Sales,Mumbai,Maharashtra,Biz Dev,BBA
267,Content Writing Intern (SEO),"Write and optimize content for search engines and websites","['Content Writing', 'SEO']","['Keyword Research', 'WordPress']",Marketing,Ahmedabad,Gujarat,Content Writers,B.A
268,Mechanical Engineering Intern (Thermal),"Work on thermal system design and analysis","['Thermodynamics', 'Heat Transfer']","['Ansys', 'MATLAB']",Engineering,Coimbatore,Tamil Nadu,Thermal Dynamics,B.Tech
269,Legal Intern (IP Law),"Conduct legal research on patents and trademarks","['Intellectual Property', 'Research']","['Drafting', 'Patent Filing']",Legal,Chennai,Tamil Nadu,IP Legal,LLB
270,Data Science Intern (Machine Learning),"Build and deploy machine learning models for predictive analytics","['Python', 'Machine Learning']","['Scikit-learn', 'TensorFlow']",IT,Bangalore,Karnataka,AI Solutions,M.Tech
271,Journalism Intern (Investigative),"Assist in research and fact-checking for investigative reports","['Research', 'Writing']","['Interviewing', 'Data Analysis']",Media,Mumbai,Maharashtra,Investigative News,B.A
272,HR Intern (Talent Acquisition),"Source candidates and manage the applicant tracking system","['Recruitment', 'Communication']","['ATS', 'LinkedIn']",HR,Remote,,Talent Search,BBA
273,Backend Developer Intern (Node.js),"Develop and maintain server-side applications using Node.js","['Node.js', 'JavaScript']","['Express.js', 'REST APIs']",IT,Pune,Maharashtra,NodeCraft,B.Tech
274,Public Relations Intern (Crisis),"Support crisis communication and media monitoring","['Communication', 'Writing']","['Media Monitoring', 'Crisis Management']",Marketing,Kolkata,West Bengal,Crisis PR,B.A
275,Operations Intern (Logistics),"Analyze logistics data and optimize supply chain routes","['Excel', 'Analytical Skills']","['SQL', 'Logistics Software']",Management,Hyderabad,Telangana,LogiOps,MBA
276,Financial Analyst Intern (Wealth Management),"Assist in client portfolio analysis and market research","['Financial Analysis', 'Excel']","['Bloomberg Terminal', 'Valuation']",Finance,Mumbai,Maharashtra,Wealth Solutions,MBA
277,Robotics Intern (Embedded),"Program microcontrollers and test sensors for robotic systems","['C', 'Microcontrollers']","['Arduino', 'ROS']",Engineering,Bengaluru,Karnataka,Embedded Robotics,B.Tech
278,Architecture Intern (Urban Planning),"Assist in urban design projects and data collection","['GIS', 'Urban Planning']","['AutoCAD', 'Research']",Design,Lucknow,Uttar Pradesh,Urban Design,M.Arch
279,UI/UX Designer Intern (Mobile),"Design user interfaces and create interactive prototypes for mobile apps","['Figma', 'Mobile UI Design']","['User Research', 'Prototyping']",Design,Ahmedabad,Gujarat,App Designers,B.Des
280,Data Analyst Intern (Marketing),"Analyze marketing campaign data and consumer behavior","['Data Analysis', 'SQL']","['Power BI', 'Google Analytics']",Analytics,Delhi,Delhi,Marketing Insights,BBA
281,Civil Engineering Intern (Structures),"Assist in structural analysis and design of buildings","['Structural Analysis', 'AutoCAD']","['STAAD.Pro', 'Revit']",Engineering,Bhubaneswar,Odisha,Structura,B.Tech
282,E-commerce Intern (SEO),"Optimize product listings and website content for search engines","['SEO', 'E-commerce Platforms']","['Google Analytics', 'Keyword Research']",Marketing,Surat,Gujarat,Ecom SEO,BBA
283,Backend Developer Intern (Python),"Build and maintain APIs using Python and Django Rest Framework","['Python', 'Django']","['REST APIs', 'PostgreSQL']",IT,Hyderabad,Telangana,Python Devs,B.Tech
284,Financial Analyst Intern (Banking),"Assist in credit analysis and financial due diligence","['Financial Analysis', 'Excel']","['Credit Risk', 'VBA']",Finance,Chennai,Tamil Nadu,Bankers Corp,MBA
285,Media Intern (Photography),"Capture and edit photos for corporate events and marketing materials","['Photography', 'Photo Editing']","['Lightroom', 'Photoshop']",Media,Goa,,Pixel Moments,B.A
286,DevOps Intern (CI/CD),"Implement and manage continuous integration and deployment pipelines","['Git', 'Jenkins']","['Docker', 'Ansible']",IT,Bangalore,Karnataka,CI/CD Solutions,B.Tech
287,Robotics Intern (ROS),"Develop and test robotic systems using ROS","['ROS', 'C++']","['Python', 'Linux']",Engineering,Pune,Maharashtra,Robo ROS,M.Tech
288,Product Management Intern,"Conduct competitive analysis and market research to define product strategy","['Market Research', 'Analytical Skills']","['Jira', 'Figma']",Management,Bengaluru,Karnataka,Product Innovators,B.Tech
289,Legal Intern (Compliance),"Assist in legal and regulatory compliance research","['Compliance', 'Research']","['Drafting', 'Corporate Law']",Legal,Kolkata,West Bengal,Legal Compliance,LLB
290,Social Media Intern (Content),"Create and schedule creative content for various social platforms","['Content Creation', 'Social Media']","['Canva', 'Adobe Creative Suite']",Marketing,Mumbai,Maharashtra,Social Creators,B.A
291,Data Analyst Intern (BI),"Build interactive dashboards and reports using BI tools","['Power BI', 'SQL']","['Tableau', 'Excel']",Analytics,Gurgaon,Haryana,BI Experts,BBA
292,Civil Engineering Intern,"Assist in site surveying and project documentation","['AutoCAD', 'Civil Engineering Basics']","['MS Project', 'Surveying']",Engineering,Bhubaneswar,Odisha,Build Right,B.Tech
293,IT Support Intern,"Provide technical support to employees and troubleshoot network issues","['Networking', 'Troubleshooting']","['Linux', 'Windows']",IT,Chennai,Tamil Nadu,Tech Solutions,BCA
294,UX Research Intern,"Plan and conduct user interviews and surveys for product development","['User Research', 'Empathy']","['Survey Design', 'Figma']",Design,Bengaluru,Karnataka,UX Insights,B.Des
295,Frontend Intern (Svelte),"Build user interfaces for web applications using Svelte","['JavaScript', 'HTML', 'CSS']","['Svelte', 'API Integration']",IT,Hyderabad,Telangana,Svelte Labs,B.Tech
296,Sales Intern (Software),"Assist in lead generation and customer relationship management","['Communication', 'Sales Skills']","['CRM', 'Product Knowledge']",Sales,Pune,Maharashtra,Sales Force,BBA
297,Electrical Engineering Intern (Power Systems),"Work on power systems design and analysis","['Power Systems', 'Circuitry']","['MATLAB', 'ETAP']",Engineering,Coimbatore,Tamil Nadu,Power Systems,M.Tech
298,Legal Intern (Banking Law),"Conduct legal research on banking regulations and contracts","['Banking Law', 'Research']","['Drafting', 'Compliance']",Legal,Mumbai,Maharashtra,Bank Legal,LLB
299,Marketing Intern (Digital Ads),"Manage and optimize Google Ads and social media ad campaigns","['Google Ads', 'Social Media Marketing']","['Google Analytics', 'PPC']",Marketing,Delhi,Delhi,AdVantage,BBA
300,Biotechnology Intern (Immunology),"Perform lab experiments and data analysis for immunology research","['Immunology', 'Lab Techniques']","['Flow Cytometry', 'ELISA']",Research,Pune,Maharashtra,ImmunoLabs,M.Sc
301,Full-Stack Intern (Python/React),"Develop full-stack web applications with Python/Django and React","['Python', 'React', 'Django']","['PostgreSQL', 'Docker']",IT,Bengaluru,Karnataka,Web Stack Innovations,B.Tech
302,Biomedical Engineering Intern (Prosthetics),"Assist in designing and testing prosthetic devices","['Biomedical Engineering', 'CAD']","['3D Printing', 'Material Science']",Engineering,Coimbatore,Tamil Nadu,Prosthetics Tech,M.Tech
303,Data Analyst Intern (Healthcare),"Analyze healthcare data to identify trends and improve patient outcomes","['SQL', 'Data Analysis']","['R', 'Tableau']",Analytics,Pune,Maharashtra,Health Metrics,B.Sc
304,Public Relations Intern (Social Impact),"Manage media relations for a non-profit organization","['Writing', 'Communication']","['Social Media', 'Community Outreach']",Marketing,Mumbai,Maharashtra,Impact PR,B.A
305,Legal Intern (Family Law),"Assist in legal research and drafting for family law cases","['Family Law', 'Research']","['Drafting', 'Client Communication']",Legal,Chennai,Tamil Nadu,Family Law Associates,LLB
306,Robotics Intern (Mechatronics),"Design and build mechatronic systems and robots","['Mechatronics', 'C++']","['SolidWorks', 'Arduino']",Engineering,Hyderabad,Telangana,MechaRobo,B.Tech
307,Supply Chain Intern (E-commerce),"Analyze logistics and inventory data for an e-commerce platform","['Excel', 'Analytical Skills']","['SQL', 'E-commerce Platforms']",Management,Delhi,Delhi,Ecom Logistics,BBA
308,UI/UX Designer Intern (FinTech),"Design user-friendly interfaces for a financial technology product","['Figma', 'UI/UX Design']","['User Research', 'Prototyping']",Design,Gurgaon,Haryana,FinUX,B.Des
309,Electrical Engineering Intern (Automation),"Work on industrial automation projects and PLC programming","['PLC Programming', 'Automation']","['AutoCAD Electrical', 'Robotics']",Engineering,Ahmedabad,Gujarat,AutoElec,B.Tech
310,Content Writing Intern (Technical),"Write technical articles, blog posts, and documentation","['Technical Writing', 'Research']","['SEO', 'WordPress']",Marketing,Pune,Maharashtra,TechWrite,B.Tech
311,HR Intern (Training & Development),"Assist in planning and executing employee training programs","['Communication', 'Training']","['Excel', 'Presentation Skills']",HR,Kolkata,West Bengal,Learn & Grow,BBA
312,Financial Analyst Intern (Real Estate),"Analyze market trends and financial data for real estate projects","['Real Estate Finance', 'Excel']","['Power BI', 'Financial Modeling']",Finance,Mumbai,Maharashtra,PropVest,MBA
313,Backend Intern (Go),"Develop and maintain server-side applications using Go","['Go', 'REST APIs']","['Gin Gonic', 'Docker']",IT,Bengaluru,Karnataka,GoLogic,B.Tech
314,Aerospace Engineering Intern (Structures),"Work on structural analysis and design for aircraft components","['Structural Analysis', 'CAD']","['Ansys', 'FEA']",Engineering,Hyderabad,Telangana,AeroStructures,M.Tech
315,Media Intern (Broadcast Journalism),"Assist in news reporting and production for a TV channel","['Journalism', 'Writing']","['Videography', 'Interviewing']",Media,New Delhi,Delhi,NewsFirst TV,B.A
316,Operations Intern (Hospitality),"Support various hotel departments, including front office and F&B","['Customer Service', 'Communication']","['Hotel Management Software', 'Multitasking']",Management,Jaipur,Rajasthan,Royal Stays,BHM
317,DevOps Intern (Azure),"Automate deployment and infrastructure management on Azure","['Azure', 'Scripting']","['Terraform', 'CI/CD']",IT,Chennai,Tamil Nadu,Azure Ops,B.Tech
318,Architectural Intern (Sustainable Design),"Assist in designing eco-friendly and sustainable buildings","['Sustainable Design', 'AutoCAD']","['Revit', 'LEED']",Design,Bhubaneswar,Odisha,EcoDesign,M.Arch
319,Cloud Computing Intern (GCP),"Deploy and manage applications on Google Cloud Platform","['GCP', 'Linux']","['Docker', 'Kubernetes']",IT,Hyderabad,Telangana,GCP Cloud,B.Tech
320,Sales Intern (FinTech),"Identify and onboard new clients for a financial technology product","['Communication', 'Sales Skills']","['FinTech Knowledge', 'CRM']",Sales,Mumbai,Maharashtra,FinSales,BBA
321,Environmental Science Intern (GIS),"Use GIS to analyze and map environmental data","['GIS Software', 'Data Analysis']","['ArcGIS', 'QGIS']",Research,Dehradun,Uttarakhand,GeoGreen,M.Sc
322,E-commerce Intern (SEO),"Optimize product listings and website content for search engines","['SEO', 'Content Writing']","['Google Analytics', 'Ahrefs']",Marketing,Surat,Gujarat,SEO Ecom,BBA
323,Civil Engineering Intern (Geotechnical),"Assist in soil testing and analysis for construction projects","['Geotechnical Engineering', 'Lab Techniques']","['AutoCAD', 'Report Writing']",Engineering,Kanpur,Uttar Pradesh,GeoStruct,B.Tech
324,Data Analyst Intern (Sports),"Analyze sports data and player performance metrics","['SQL', 'Data Analysis']","['Python', 'Tableau']",Analytics,Bengaluru,Karnataka,Sports Metrics,B.Tech
325,Social Media Marketing Intern,"Develop and execute social media campaigns for a lifestyle brand","['Social Media Marketing', 'Content Creation']","['Canva', 'Analytics']",Marketing,Goa,,Lifestyle Brands,B.A
326,Backend Developer Intern (PHP),"Build and maintain server-side applications using PHP","['PHP', 'MySQL']","['Laravel', 'REST APIs']",IT,Pune,Maharashtra,PHP Masters,B.Tech
327,Legal Intern (Criminal Law),"Assist in legal research and case preparation for criminal cases","['Criminal Law', 'Research']","['Drafting', 'Court Procedures']",Legal,Kolkata,West Bengal,Criminal Defense,LLB
328,Sales & Business Development Intern,"Support the sales team with lead generation and client communication","['Communication', 'Research']","['CRM Software', 'Pitching']",Sales,Mumbai,Maharashtra,Sales Hub,BBA
329,Media Intern (Animation),"Assist in creating 2D and 3D animations for various projects","['Animation', '3D Modeling']","['Blender', 'Adobe After Effects']",Media,Chennai,Tamil Nadu,Motion Studios,B.Des
330,Operations Intern (Manufacturing),"Assist in production planning and quality control","['Process Improvement', 'Excel']","['Lean Manufacturing', 'SAP']",Management,Vadodara,Gujarat,ManuOps,B.Tech
331,UX Researcher Intern,"Conduct user interviews and surveys to gather product feedback","['User Research', 'Empathy']","['Figma', 'Qualitative Analysis']",Design,Bangalore,Karnataka,User Journey,B.Des
332,Financial Analyst Intern (Asset Management),"Assist in research and analysis for investment portfolios","['Financial Analysis', 'Excel']","['Bloomberg Terminal', 'Valuation']",Finance,Mumbai,Maharashtra,Asset Solutions,MBA
333,Electrical Engineering Intern (Power Electronics),"Work on power electronics circuit design and testing","['Power Electronics', 'Circuitry']","['MATLAB', 'SPICE']",Engineering,Hyderabad,Telangana,PowerTech,M.Tech
334,Journalism Intern (Finance),"Cover financial markets and write articles on economic trends","['Writing', 'Financial Knowledge']","['Research', 'Data Analysis']",Media,Gurgaon,Haryana,Financial News,B.Com
335,Backend Developer Intern (Ruby on Rails),"Develop and maintain web applications using Ruby on Rails","['Ruby on Rails', 'REST APIs']","['Git', 'Heroku']",IT,Bengaluru,Karnataka,Rails Developers,B.Tech
336,Environmental Engineering Intern (Waste Management),"Assist in projects related to waste treatment and disposal","['Waste Management', 'Data Collection']","['GIS', 'Environmental Regulations']",Engineering,Jaipur,Rajasthan,Clean Environment,B.E
337,HR Intern (Employee Relations),"Support employee engagement initiatives and conflict resolution","['Communication', 'Problem Solving']","['HRIS', 'Excel']",HR,Pune,Maharashtra,People Relations,B.A
338,UI/UX Designer Intern (E-commerce),"Design user interfaces and user flows for an e-commerce website","['UI Design', 'Wireframing']","['Figma', 'A/B Testing']",Design,Mumbai,Maharashtra,Ecom Design,B.Des
339,Civil Engineering Intern (Transportation),"Assist in traffic studies and transportation planning","['Transportation Engineering', 'Data Analysis']","['GIS', 'AutoCAD']",Engineering,Lucknow,Uttar Pradesh,Traffic Planners,B.Tech
340,Data Science Intern (FinTech),"Build and deploy machine learning models for financial fraud detection","['Python', 'Machine Learning']","['TensorFlow', 'SQL']",IT,Mumbai,Maharashtra,FinData Science,M.Tech
341,Content Marketing Intern (Video),"Create and edit video content for social media and marketing campaigns","['Video Editing', 'Content Creation']","['Adobe Premiere Pro', 'Scriptwriting']",Marketing,Hyderabad,Telangana,Content Creators,B.A
342,Cloud Security Intern,"Assist in monitoring and responding to security incidents in a cloud environment","['Cloud Security', 'Linux']","['SIEM Tools', 'Python']",IT,Noida,Uttar Pradesh,SecureSphere,B.Tech
343,Operations Intern (Logistics),"Analyze logistics data and help optimize supply chain efficiency","['Excel', 'Analytical Skills']","['Logistics Software', 'SQL']",Management,Kolkata,West Bengal,LogiTech,MBA
344,Frontend Intern (Svelte),"Build user interfaces for web applications using Svelte","['Svelte', 'JavaScript', 'HTML', 'CSS']","['SvelteKit', 'API Integration']",IT,Jaipur,Rajasthan,Svelte Devs,B.Tech
345,Legal Intern (Compliance),"Conduct legal research on corporate governance and regulatory compliance","['Compliance', 'Research']","['Drafting', 'Legal Databases']",Legal,Delhi,Delhi,Compliance Advisors,LLB
346,Robotics Intern (AI),"Develop and test AI algorithms for autonomous systems","['Python', 'AI']","['ROS', 'Computer Vision']",Engineering,Bengaluru,Karnataka,RoboAI,M.Tech
347,Digital Marketing Intern (PPC),"Manage and optimize pay-per-click (PPC) ad campaigns","['PPC', 'Google Ads']","['Google Analytics', 'Data Analysis']",Marketing,Gurgaon,Haryana,AdMasters,BBA
348,Financial Analyst Intern (Corporate Finance),"Assist in financial reporting and analysis for corporate projects","['Financial Analysis', 'Excel']","['Financial Modeling', 'VBA']",Finance,Ahmedabad,Gujarat,CorpFin,MBA
349,Social Media Intern (Community Management),"Engage with and grow an online community on various social platforms","['Communication', 'Social Media']","['Customer Service', 'Content Creation']",Marketing,Pune,Maharashtra,Community Connect,B.A
350,Mechanical Engineering Intern (FEA),"Perform Finite Element Analysis (FEA) for product design","['FEA', 'SolidWorks']","['Ansys', 'Simulation']",Engineering,Coimbatore,Tamil Nadu,FEA Solutions,M.Tech
351,Data Analyst Intern (Healthcare),"Analyze electronic health records and other medical data","['SQL', 'Data Analysis']","['Python', 'Power BI']",Analytics,Hyderabad,Telangana,MediData,B.Sc
352,UI/UX Designer Intern (Gaming),"Design user interfaces and experiences for mobile games","['UI/UX Design', 'Gaming']","['Figma', 'Unity']",Design,Mumbai,Maharashtra,Game Design,B.Des
353,Civil Engineering Intern,"Assist in construction project management and site supervision","['Project Management', 'Site Supervision']","['MS Project', 'AutoCAD']",Engineering,Bhubaneswar,Odisha,Build-it,B.Tech
354,Backend Intern (Node.js),"Develop and maintain scalable server-side features","['Node.js', 'JavaScript']","['Express.js', 'PostgreSQL']",IT,Pune,Maharashtra,NodeLogic,B.Tech
355,Legal Intern (Banking Law),"Conduct legal research and assist in drafting contracts for banking sector","['Banking Law', 'Research']","['Drafting', 'Compliance']",Legal,Mumbai,Maharashtra,Banking Legal,LLB
356,HR Intern (Talent Acquisition),"Support the talent acquisition team with sourcing and screening candidates","['Recruitment', 'Communication']","['ATS', 'LinkedIn']",HR,Remote,,Talent Solutions,BBA
357,Sales Intern (Software),"Assist in sales demonstrations and client relationship management","['Communication', 'Presentation']","['CRM', 'Software Knowledge']",Sales,Chennai,Tamil Nadu,Soft Solutions,BBA
358,Frontend Intern (React Native),"Develop mobile applications with React Native","['React Native', 'JavaScript']","['Redux', 'API Integration']",IT,Bengaluru,Karnataka,React Native Apps,B.Tech
359,Environmental Engineering Intern (Air Quality),"Assist in projects related to air pollution monitoring and control","['Air Quality', 'Environmental Science']","['GIS', 'Data Analysis']",Engineering,Delhi,Delhi,AirSense,B.E
360,Data Science Intern (E-commerce),"Build predictive models to optimize sales and user behavior on an e-commerce platform","['Python', 'Machine Learning']","['SQL', 'Data Visualization']",IT,Hyderabad,Telangana,Ecom Data,M.Tech
361,Content Writer Intern (Creative),"Write creative content for marketing campaigns and social media","['Creative Writing', 'Writing']","['Editing', 'SEO']",Marketing,Ahmedabad,Gujarat,Creative Words,B.A
362,Cloud Computing Intern (AWS),"Deploy and manage cloud infrastructure using AWS services","['AWS', 'Linux']","['Docker', 'Terraform']",IT,Pune,Maharashtra,AWS Cloud,B.Tech
363,Operations Intern (Retail),"Assist in retail operations, including inventory management and customer service","['Retail Operations', 'Customer Service']","['Excel', 'Communication']",Management,Lucknow,Uttar Pradesh,Shop Smart,BBA
364,Legal Intern (IP Law),"Conduct research on intellectual property rights and assist in patent filing","['Intellectual Property', 'Research']","['Drafting', 'Patents']",Legal,Bengaluru,Karnataka,IP Protectors,LLB
365,Robotics Intern (Computer Vision),"Develop computer vision algorithms for robotic applications","['Python', 'Computer Vision']","['OpenCV', 'ROS']",Engineering,Hyderabad,Telangana,Visionary Robotics,M.Tech
366,Financial Analyst Intern (Equity Research),"Assist in analyzing public companies and preparing equity research reports","['Equity Research', 'Excel']","['Financial Modeling', 'Bloomberg']",Finance,Mumbai,Maharashtra,Equity Research,MBA
367,Journalism Intern (Investigative),"Assist in research and fact-checking for long-form investigative articles","['Research', 'Writing']","['Interviewing', 'Data Analysis']",Media,Mumbai,Maharashtra,Truthfinders,B.A
368,HR Intern (Analytics),"Analyze HR data to support strategic decision-making","['Data Analysis', 'Excel']","['Power BI', 'SQL']",HR,Delhi,Delhi,HR Metrics,MBA
369,Backend Developer Intern (Django),"Develop REST APIs using Django and Python","['Python', 'Django']","['PostgreSQL', 'Git']",IT,Hyderabad,Telangana,Django Devs,B.Tech
370,UI/UX Designer Intern (Mobile),"Design user interfaces and user flows for mobile applications","['Figma', 'UI Design']","['User Research', 'Prototyping']",Design,Bengaluru,Karnataka,Mobile UX,B.Des
371,Civil Engineering Intern (Structural),"Assist in structural analysis and design of high-rise buildings","['Structural Analysis', 'AutoCAD']","['Revit', 'ETABS']",Engineering,Chennai,Tamil Nadu,Structura Pro,B.Tech
372,Marketing Intern (Social Media Ads),"Manage paid social media campaigns on platforms like Facebook and Instagram","['Social Media Marketing', 'Digital Ads']","['Facebook Ads Manager', 'Analytics']",Marketing,Delhi,Delhi,Social Adverts,BBA
373,Data Analyst Intern (FinTech),"Analyze financial transaction data to build dashboards and reports","['SQL', 'Excel']","['Power BI', 'Python']",Analytics,Bengaluru,Karnataka,FinTech Data,B.Tech
374,Media Intern (Digital Marketing),"Assist in creating and managing digital marketing campaigns across platforms","['Digital Marketing', 'Content Creation']","['SEO', 'Google Analytics']",Marketing,Jaipur,Rajasthan,Digital Media,BBA
375,Frontend Intern (Angular),"Develop user interfaces for web applications using Angular","['Angular', 'TypeScript']","['RxJS', 'NgRx']",IT,Hyderabad,Telangana,Angular Solutions,B.Tech
376,Operations Intern (Logistics),"Support logistics operations, including inventory and dispatch management","['Logistics', 'Excel']","['Communication', 'Supply Chain Software']",Management,Bhubaneswar,Odisha,Logistics Pro,BBA
377,Legal Intern (Tax Law),"Conduct research on tax laws and assist in preparing legal opinions","['Tax Law', 'Research']","['Drafting', 'Compliance']",Legal,Mumbai,Maharashtra,Tax Advisors,LLB
378,Robotics Intern (ROS),"Assist in developing and testing robotic software using ROS","['ROS', 'Python']","['C++', 'Linux']",Engineering,Pune,Maharashtra,RoboSoft,M.Tech
379,UI/UX Research Intern,"Plan and conduct usability testing for a new software product","['User Research', 'Usability Testing']","['Figma', 'Survey Design']",Design,Pune,Maharashtra,User Flow,B.Des
380,Sales Intern (Pharmaceutical),"Assist in product detailing and sales for pharmaceutical products","['Pharmaceutical Knowledge', 'Communication']","['Sales Skills', 'Market Research']",Sales,Chandigarh,Punjab,Pharma Sales,B.Pharma
381,Backend Intern (Python/Flask),"Develop and maintain APIs using Python and Flask","['Python', 'Flask']","['SQLAlchemy', 'REST APIs']",IT,Hyderabad,Telangana,Flask Devs,B.Tech
382,Financial Analyst Intern (Corporate Finance),"Assist in preparing financial models and valuation reports","['Financial Analysis', 'Excel']","['Financial Modeling', 'PPT']",Finance,Delhi,Delhi,Corporate Fin,MBA
383,Content Writing Intern (Technical),"Write user manuals and technical documentation for software products","['Technical Writing', 'Clarity']","['Markdown', 'API Documentation']",IT,Noida,Uttar Pradesh,Tech Docs,B.Tech
384,E-commerce Intern (Marketplace),"Manage product listings and promotions on Amazon and Flipkart","['Marketplace Management', 'Attention to Detail']","['Digital Marketing', 'Analytics']",Marketing,Surat,Gujarat,Marketplace Experts,BBA
385,HR Intern (Talent Management),"Support employee engagement and performance management initiatives","['Communication', 'Problem Solving']","['Excel', 'HRIS']",HR,Bengaluru,Karnataka,Talent Growth,BBA
386,Civil Engineering Intern (Water Resources),"Assist in projects related to flood modeling and management","['Hydrology', 'GIS']","['HEC-RAS', 'AutoCAD']",Engineering,Bhopal,Madhya Pradesh,WaterTech,M.Tech
387,Data Analyst Intern (Supply Chain),"Analyze supply chain data to optimize logistics and inventory","['Data Analysis', 'Excel']","['SQL', 'Power BI']",Analytics,Pune,Maharashtra,Supply Data,MBA
388,Frontend Intern (Vue.js),"Build interactive web applications using Vue.js","['Vue.js', 'JavaScript', 'HTML', 'CSS']","['Vuex', 'Nuxt.js']",IT,Jaipur,Rajasthan,VueCraft,B.Tech
389,Legal Intern (Banking Law),"Conduct legal research on banking regulations and assist in drafting agreements","['Banking Law', 'Research']","['Drafting', 'Compliance']",Legal,Chennai,Tamil Nadu,Bank Legal,LLB
390,Robotics Intern (Embedded),"Program and test embedded systems for robotic applications","['C', 'Microcontrollers']","['ROS', 'Embedded Linux']",Engineering,Bengaluru,Karnataka,Robo Embed,B.Tech
391,Financial Analyst Intern (Private Equity),"Assist in due diligence and market research for private equity investments","['Financial Analysis', 'Excel']","['Valuation', 'Financial Modeling']",Finance,Mumbai,Maharashtra,Private Equity,MBA
392,Media Intern (Digital Marketing),"Manage and optimize social media ad campaigns","['Social Media Marketing', 'Digital Ads']","['Google Ads', 'Analytics']",Marketing,Delhi,Delhi,Digital Adverts,BBA
393,Backend Developer Intern (Node.js),"Develop and maintain REST APIs with Node.js and Express.js","['Node.js', 'Express.js']","['MongoDB', 'Docker']",IT,Pune,Maharashtra,API Craft,B.Tech
394,Legal Intern (Intellectual Property),"Conduct research on patents and trademarks and assist in legal filings","['Intellectual Property', 'Research']","['Drafting', 'Patent Law']",Legal,Hyderabad,Telangana,IP Legal,LLB
395,Operations Intern (Retail),"Assist in store operations, including inventory and sales analysis","['Retail Operations', 'Excel']","['Customer Service', 'Communication']",Management,Lucknow,Uttar Pradesh,Urban Retail,BBA
396,HR Intern (Recruitment),"Source candidates, screen resumes, and schedule interviews","['Recruitment', 'Communication']","['ATS', 'LinkedIn']",HR,Remote,,Recruiters Hub,BBA
397,Frontend Intern (React),"Build and maintain user interfaces with React and Redux","['React', 'JavaScript', 'HTML', 'CSS']","['Redux', 'API Integration']",IT,Hyderabad,Telangana,React Devs,B.Tech
398,Civil Engineering Intern,"Assist in site surveying and project documentation","['AutoCAD', 'Civil Engineering Basics']","['MS Project', 'Surveying']",Engineering,Bhubaneswar,Odisha,Build Solutions,B.Tech
399,Data Analyst Intern (BI),"Build interactive dashboards and reports using Tableau and Power BI","['Tableau', 'Power BI', 'SQL']","['Excel', 'Data Analysis']",Analytics,Bengaluru,Karnataka,BI Solutions,BBA
400,Robotics Intern (AI),"Develop and test AI models for robotic perception and control","['Python', 'Machine Learning']","['ROS', 'Computer Vision']",Engineering,Chennai,Tamil Nadu,AI Robotics,M.Tech